texto;patron;matches
bible.txt;God;4040
bible.txt;king;3129
bible.txt;seven;629
bible.txt;Ludim;2
bible.txt;And when;678
bible.txt;And God made;3
bible.txt;And God said;27
bible.txt;And the sons of;133
bible.txt;LORD magnified Solomon;1
bible.txt;The sons of Japheth;2
bible.txt;the name of the one was;9
bible.txt;These are the three sons of Noah;1
egmf.txt;Yo he visto;3
egmf.txt;hermano;2
egmf.txt;cuando;36
egmf.txt;Cuando;7
egmf.txt;a pie y mostrando el umbligo,;1
egmf.txt;Va...ca...yendo gente al baile;1
index.txt;Codificaci;15
index.txt;Factbook;1
index.txt;http://www-personal.umich.edu/~dporter/sampler/sampler.html;3
index.txt;Autorizada del Rey Jacobo de la Biblia;1
index.txt;.dat;4
index.txt;el;9
index.txt;Textos;3
pi.txt;14159;15
pi.txt;1415;94
pi.txt;81233;13
pi.txt;314159;2
pi.txt;4623436454285844479526;1
pi.txt;1419927;2
pi.txt;8289018623074484047084490852849;1
quijote.txt;molino;24
quijote.txt;molinos de viento;10
quijote.txt;gigantes;30
quijote.txt;dijo Sancho Panza;9
quijote.txt;dijo;1792
quijote.txt;caballero;866
quijote.txt;don Quijote;1926
quijote.txt;coger;41
quijote.txt;Un amigo y discreto;1
quijote.txt;las cuales no digo yo ahora;1
quijote.txt;a quien su esposa, ya vengada del atrevimiento del enamorado;1
random.txt;wjy;4
random.txt;loY;2
random.txt;7JWojO00WDPrJJEZO1vUIo;1
random.txt;MUDh4q 456NhjZnkip91wHW xwou;1
random.txt;00r7rJO29;1
random.txt;abg;2
rbs.dat;ggagaatt;7
rbs.dat;aaaatcttcct;1
rbs.dat;cccc;274
rbs.dat;aaaatctt;16
rbs.dat;ggagctctccttctcgtccaggt;1
rbs.dat;cccgctccc;1
rbs.dat;aaaagca;38
rbs.dat;aaaagcac;3
rbs.dat;aaaagcact;1
rbs.dat;aaaagcacc;1
hprt.dat;aaagggg;8
hprt.dat;aaaggggct;2
hprt.dat;ttttttcttt;5
hprt.dat;ccccccttttt;1
hprt.dat;catttt;74
hprt.dat;gatcagaatgagaagggagggatggat;1
hprt.dat;ggcta;49
hprt.dat;cagggca;1
stm2.dat;ttttcctt;13
stm2.dat;cctttc;30
stm2.dat;cgt;289
stm2.dat;ttttccttcc;1
stm2.dat;tttttttttttttttttt;4
stm2.dat;ttttttttttttttttttttttt;2
stm2.dat;gccttgggcccagag;1
stm2.dat;aaagag;44
stm2.dat;gtgacata;1
world192.txt;Comparative area;265
world192.txt;use;870
world192.txt;Frontier Province;1
world192.txt;summers;71
world192.txt;disputes;27
world192.txt;semiprecious;3
world192.txt;clients;1
world192.txt;government-controlled;4
world192.txt;Administrative divisions;234
world192.txt;Badakhshan, Badghis, Baghlan;1
ecoli.dat;tcttctccttga;2
ecoli.dat;gaggcg;874
ecoli.dat;tttgcac;311
ecoli.dat;gcggaatgc;33
ecoli.dat;gcggaatgccgcc;4
ecoli.dat;gcggaatgccgccgactggtttggcatacttgccgcacaaacacttgctgtacgcgccgcagttacgggttgtaca;3
ecoli.dat;ctctcctgaagcggctgcggaatgccg;3
ecoli.dat;ttttgtggc;26
ecoli.dat;gaggcaccga;5
ecoli.dat;ggtgacgttttcggcgatatttttggcggcggacgtggtcgtc;1
ecoli.dat;acagggtgat;11
ecoli.dat;cgccgactgacaacaaattaat;1