Texto;Patron
bible.txt;God said
bible.txt;And he walked in all
bible.txt;Then cometh Jesus with them unto a place called Gethsemane
bible.txt;Hola papuchurri
egmf.txt;hermano
egmf.txt;m?s curioso que mujer
egmf.txt;-!Cuidado!, no te vas a per...tigo
egmf.txt;k ac vv
index.txt;Nombre
index.txt;.edu/~dporter/sampler/
index.txt;Descripci?n:  Genoma de la enfermedad de Alzh?imer (STM2)
index.txt;Rexona no te abandona
quijote.txt;coger?
quijote.txt;mucha raz?n tiene este se?or
quijote.txt;Yo, Juan Gallo de Andrada, escribano de C?mara del Rey nuestro
quijote.txt;Oh! un mounstro! Ah, no, era Fede
random.txt;1EwtcQ
random.txt;KKJQ j3Y3MtIlGjKpvwojDz3
random.txt;n66WQqLnLG q0m1Wy6!O0bvCgkNYhnPt lhzBbYhILKSZ0MlQZYXRIYY9WgE
random.txt;random significa aleatorio
world192.txt;, foot
world192.txt; stone and gravel, 5,632
world192.txt;ment owned and 2,203 km are nongovernment
world192.txt;que se yo estoy re loco
pi.txt;408504
pi.txt;474887120879742391971298
pi.txt;439411167924584091526061686413002559143056811111779708277736
pi.txt;el pollito pio
ecoli.dat;aaataa
ecoli.dat;gcagccccggatgcccgccttcga
ecoli.dat;gcgcttgcagatgggtcgcaggttacttccttgcgcacaggatatagttataccagcgtt
ecoli.dat;ecolecua
hprt.dat;caacca
hprt.dat;gtggaagtttaatgactaagaggt
hprt.dat;agccactaaggggacatggagcccttagtaattcctaccttagtaatagtctcatcatgc
hprt.dat;R?e y el mundo reir? contigo, ronca y dormir?s solo
rbs.dat;taaaat
rbs.dat;acatagcatcataaatttgtgaca
rbs.dat;aactgagataacttataaatcaatgcaggtattctgtgttaaatgcttatgtaagcctga
rbs.dat;Flocicab -> malesemo
stm2.dat;aggtca
stm2.dat;atctgctaaaaatgagctttcagc
stm2.dat;accatggaatactatgcagccacaaaaagtatgagttcatgtcctttgtaggacatggat
stm2.dat;Buscame como laturradeViPuey
ailing.gb;???????
ailing.gb;?!???????*??????????????
ailing.gb;??????????????????????????!?????????????????????????????!???
ailing.gb;Esta celosa Maria Florencia Cabrera
bluekite.gb;*??????
bluekite.gb;??????/?????????????????
bluekite.gb;!?????????????????????????????????????????????????!?????????
bluekite.gb;LeitoTuPapiSabroso
tiger.gb;??????
tiger.gb;?????????????????????E??
tiger.gb;?????*????*????????????????/??!??????????????????????????????
tiger.gb;tres tristes tigres comen trigo en un trigal
